,Format,Formula,Summary,Applies To,Time Scale,Time Range,Versions,Style,Cell Count,Notes,Read Access Driver,Write Access Driver,Users List,Parent,Is Summary,Formula Scope,Code,Use Switchover,Breakback,Brought-Forward,Start of Section,Data Tags,Referenced By,Module Name
Journal imp,,,,Journal (L1),Not Applicable,Not Applicable,Not Applicable,,6381386,,,,Show All Users: On,,,,,,New Line Items: Off,,,,"'Volume count - as of time', '(1.2) Approval - Transfer Request (L2)', 'Transfer Input:Detailed x', 'Receiving Input:Detailed', Request Details, 'FV (L2) Food Vendor Journal', Journal, Journal per user, Issuance Report, Transaction Details, Inventory Report, 'Inventory Report - area', VP VendorPrice Journal, 'VFP (L3) Vendor Food Price Journal', '(3) Reorder Point - Report', '(4) Reorder Point - Report period', Validation Food",
REFERENCE,"{""textType"":""GENERAL"",""dataType"":""TEXT""}",,"{""summaryMethod"":""NONE"",""timeSummaryMethod"":""NONE"",""timeSummarySameAsMainSummary"":true,""ratioNumeratorIdentifier"":"""",""ratioDenominatorIdentifier"":""""}",-,Not Applicable,Not Applicable,Not Applicable,,65116,,-,-,,,false,All Versions,,true,false,false,false,-,"Request Details.'Reference No.', ts_Match Ref, Journal.REFERENCE, Journal per user.REFERENCE, VP VendorPrice Journal.Reference",Journal imp
Year Li,"{""textType"":""GENERAL"",""dataType"":""TEXT""}",TEXT(YEAR(DATE)),"{""summaryMethod"":""LAST_NON_BLANK"",""timeSummaryMethod"":""LAST_NON_BLANK"",""timeSummarySameAsMainSummary"":true,""ratioNumeratorIdentifier"":"""",""ratioDenominatorIdentifier"":""""}",-,Not Applicable,Not Applicable,Not Applicable,,65118,,-,-,,,false,All Versions,,true,false,false,false,-,"'ts_MAP RR L0', ts_Match Year, Journal per user.Latest Date Year",Journal imp
Request No. tx,"{""textType"":""GENERAL"",""dataType"":""TEXT""}",TEXT('Request No.'),"{""summaryMethod"":""LAST_NON_BLANK"",""timeSummaryMethod"":""LAST_NON_BLANK"",""timeSummarySameAsMainSummary"":true,""ratioNumeratorIdentifier"":"""",""ratioDenominatorIdentifier"":""""}",-,Not Applicable,Not Applicable,Not Applicable,,65118,,-,-,,,false,All Versions,,true,false,false,false,-,"ts_Match Req no, Journal per user.'Request No. (L0) Current', Journal per user.'X-Journal No. t'",Journal imp
Request No.,"{""minimumSignificantDigits"":4,""decimalPlaces"":-1,""decimalSeparator"":""FULL_STOP"",""groupingSeparator"":""COMMA"",""negativeNumberNotation"":""MINUS_SIGN"",""unitsType"":""NONE"",""unitsDisplayType"":""NONE"",""currencyCode"":null,""customUnits"":null,""zeroFormat"":""ZERO"",""comparisonIncrease"":""GOOD"",""dataType"":""NUMBER""}",,"{""summaryMethod"":""MAX"",""timeSummaryMethod"":""MAX"",""timeSummarySameAsMainSummary"":true,""ratioNumeratorIdentifier"":"""",""ratioDenominatorIdentifier"":""""}",-,Not Applicable,Not Applicable,Not Applicable,,65118,,-,-,,,false,All Versions,,true,false,false,false,-,"'Transfer Input:Detailed x'.'MAP (L0) Previous', 'Receiving Input:Detailed'.'MAP(L0)- old', 'Request No. tx', 'RR NO...', Journal per user.'Request No. (L0)'",Journal imp
RR No. Calc,"{""minimumSignificantDigits"":4,""decimalPlaces"":-1,""decimalSeparator"":""FULL_STOP"",""groupingSeparator"":""COMMA"",""negativeNumberNotation"":""MINUS_SIGN"",""unitsType"":""NONE"",""unitsDisplayType"":""NONE"",""currencyCode"":null,""customUnits"":null,""zeroFormat"":""ZERO"",""comparisonIncrease"":""GOOD"",""dataType"":""NUMBER""}",IF DOC TYPE = 'Doc Type L1'.'#1' THEN 1 ELSE 0,"{""summaryMethod"":""SUM"",""timeSummaryMethod"":""SUM"",""timeSummarySameAsMainSummary"":true,""ratioNumeratorIdentifier"":"""",""ratioDenominatorIdentifier"":""""}",-,Not Applicable,Not Applicable,Not Applicable,,65118,,-,-,,,false,All Versions,,true,false,false,false,-,'Transfer Input:Detailed x'.'RR No. x',Journal imp
Transfer Req No.,"{""minimumSignificantDigits"":4,""decimalPlaces"":-1,""decimalSeparator"":""FULL_STOP"",""groupingSeparator"":""COMMA"",""negativeNumberNotation"":""MINUS_SIGN"",""unitsType"":""NONE"",""unitsDisplayType"":""NONE"",""currencyCode"":null,""customUnits"":null,""zeroFormat"":""ZERO"",""comparisonIncrease"":""GOOD"",""dataType"":""NUMBER""}",,"{""summaryMethod"":""MAX"",""timeSummaryMethod"":""MAX"",""timeSummarySameAsMainSummary"":true,""ratioNumeratorIdentifier"":"""",""ratioDenominatorIdentifier"":""""}",-,Not Applicable,Not Applicable,Not Applicable,,65118,,-,-,,,false,All Versions,,true,false,false,false,-,Transfer Calc Final,Journal imp
Transfer Calc,"{""minimumSignificantDigits"":4,""decimalPlaces"":-1,""decimalSeparator"":""FULL_STOP"",""groupingSeparator"":""COMMA"",""negativeNumberNotation"":""MINUS_SIGN"",""unitsType"":""NONE"",""unitsDisplayType"":""NONE"",""currencyCode"":null,""customUnits"":null,""zeroFormat"":""ZERO"",""comparisonIncrease"":""GOOD"",""dataType"":""NUMBER""}",IF DOC TYPE = 'Doc Type L1'.'#21' THEN 1 ELSE 0,"{""summaryMethod"":""MAX"",""timeSummaryMethod"":""MAX"",""timeSummarySameAsMainSummary"":true,""ratioNumeratorIdentifier"":"""",""ratioDenominatorIdentifier"":""""}",-,Not Applicable,Not Applicable,Not Applicable,,65118,,-,-,,,false,All Versions,,true,false,false,false,-,Transfer Calc Final,Journal imp
Transfer Calc Final,"{""minimumSignificantDigits"":4,""decimalPlaces"":-1,""decimalSeparator"":""FULL_STOP"",""groupingSeparator"":""COMMA"",""negativeNumberNotation"":""MINUS_SIGN"",""unitsType"":""NONE"",""unitsDisplayType"":""NONE"",""currencyCode"":null,""customUnits"":null,""zeroFormat"":""ZERO"",""comparisonIncrease"":""GOOD"",""dataType"":""NUMBER""}","IF Transfer Calc = 0 THEN 0 ELSE IF 'Transfer Req No.' = DIVIDE(1, 0) THEN 0 ELSE 'Transfer Req No.'","{""summaryMethod"":""MAX"",""timeSummaryMethod"":""MAX"",""timeSummarySameAsMainSummary"":true,""ratioNumeratorIdentifier"":"""",""ratioDenominatorIdentifier"":""""}",-,Not Applicable,Not Applicable,Not Applicable,,65118,,-,-,,,false,All Versions,,true,false,false,false,-,'Transfer Input:Detailed x'.'Next Transfer No. x',Journal imp
Doc Type Code,"{""textType"":""GENERAL"",""dataType"":""TEXT""}",,"{""summaryMethod"":""NONE"",""timeSummaryMethod"":""NONE"",""timeSummarySameAsMainSummary"":true,""ratioNumeratorIdentifier"":"""",""ratioDenominatorIdentifier"":""""}",-,Not Applicable,Not Applicable,Not Applicable,,65116,,-,-,,,false,All Versions,,true,false,false,false,-,"'DOC TYPE.', Journal.DOC TYPE, Journal per user.DOC TYPE",Journal imp
DOC TYPE,"{""hierarchyEntityLongId"":101000000077,""entityFormatFilter"":null,""selectiveAccessApplied"":false,""showAll"":false,""dataType"":""ENTITY""}","FINDITEM('Doc Type L1', 'DOC TYPE.')","{""summaryMethod"":""NONE"",""timeSummaryMethod"":""NONE"",""timeSummarySameAsMainSummary"":true,""ratioNumeratorIdentifier"":"""",""ratioDenominatorIdentifier"":""""}",-,Not Applicable,Not Applicable,Not Applicable,,65116,,-,-,,,false,All Versions,,true,false,false,false,-,"Request Details.Document Type li, 'FV (L2) Food Vendor Journal'.Doc Type, 'RR No. Calc', Transfer Calc, Issuance Only, Rec?, Journal.DOC TYPE LI, Journal per user.Doc type filter, VP VendorPrice Journal.Doc Type, 'VFP (L3) Vendor Food Price Journal'.Doc Type",Journal imp
Doc type inp,"{""textType"":""GENERAL"",""dataType"":""TEXT""}",,"{""summaryMethod"":""NONE"",""timeSummaryMethod"":""NONE"",""timeSummarySameAsMainSummary"":true,""ratioNumeratorIdentifier"":"""",""ratioDenominatorIdentifier"":""""}",-,Not Applicable,Not Applicable,Not Applicable,,65116,,-,-,,,false,All Versions,,true,false,false,false,-,,Journal imp
DOC TYPE.,"{""textType"":""GENERAL"",""dataType"":""TEXT""}","CODE(FINDITEM('Doc Type L1', Doc Type Code))","{""summaryMethod"":""NONE"",""timeSummaryMethod"":""NONE"",""timeSummarySameAsMainSummary"":true,""ratioNumeratorIdentifier"":"""",""ratioDenominatorIdentifier"":""""}",-,Not Applicable,Not Applicable,Not Applicable,,65116,,-,-,,,false,All Versions,,true,false,false,false,-,DOC TYPE,Journal imp
Back Date,"{""dataType"":""DATE""}",,"{""summaryMethod"":""NONE"",""timeSummaryMethod"":""NONE"",""timeSummarySameAsMainSummary"":true,""ratioNumeratorIdentifier"":"""",""ratioDenominatorIdentifier"":""""}",-,Not Applicable,Not Applicable,Not Applicable,,65116,,-,-,,,false,All Versions,,true,false,false,false,-,,Journal imp
DATE,"{""dataType"":""DATE""}",,"{""summaryMethod"":""NONE"",""timeSummaryMethod"":""NONE"",""timeSummarySameAsMainSummary"":true,""ratioNumeratorIdentifier"":"""",""ratioDenominatorIdentifier"":""""}",-,Not Applicable,Not Applicable,Not Applicable,,65116,,-,-,,,false,All Versions,,true,false,false,false,-,"Request Details.Date, Year Li, Month conversion, Period, Receive Date, Journal.DATE, Journal per user.DATE, Inventory Report.'Qty-Mvt FTD', Inventory Report.Movement FTD, 'Inventory Report - area'.'Qty-Mvt FTD', 'Inventory Report - area'.Movement FTD",Journal imp
Month conversion,"{""hierarchyEntityLongId"":101000000069,""entityFormatFilter"":null,""selectiveAccessApplied"":false,""showAll"":false,""dataType"":""ENTITY""}","FINDITEM(Month Conversion, IF MONTH(DATE) > 9 THEN TEXT(MONTH(DATE)) ELSE ""0"" & TEXT(MONTH(DATE)))","{""summaryMethod"":""NONE"",""timeSummaryMethod"":""NONE"",""timeSummarySameAsMainSummary"":true,""ratioNumeratorIdentifier"":"""",""ratioDenominatorIdentifier"":""""}",-,Not Applicable,Not Applicable,Not Applicable,,65116,,-,-,,,false,All Versions,,true,false,false,false,-,"Period, Receive Date",Journal imp
Period,"{""periodType"":{""entityLabel"":""Month"",""entityIndex"":3,""entityId"":""MONTH"",""entityGuid"":null},""dataType"":""TIME_ENTITY""}","FINDITEM(Time, Month Conversion.Month[LOOKUP: Month conversion] & "" "" & RIGHT(TEXT(YEAR(DATE)), 2))","{""summaryMethod"":""NONE"",""timeSummaryMethod"":""NONE"",""timeSummarySameAsMainSummary"":true,""ratioNumeratorIdentifier"":"""",""ratioDenominatorIdentifier"":""""}",-,Not Applicable,Not Applicable,Not Applicable,,65116,,-,-,,,false,All Versions,,true,false,false,false,-,"Issuance Report.Amount, Transaction Details.Period",Journal imp
JOURNAL NO.,"{""minimumSignificantDigits"":4,""decimalPlaces"":-1,""decimalSeparator"":""FULL_STOP"",""groupingSeparator"":""COMMA"",""negativeNumberNotation"":""MINUS_SIGN"",""unitsType"":""NONE"",""unitsDisplayType"":""NONE"",""currencyCode"":null,""customUnits"":null,""zeroFormat"":""ZERO"",""comparisonIncrease"":""GOOD"",""dataType"":""NUMBER""}",,"{""summaryMethod"":""NONE"",""timeSummaryMethod"":""NONE"",""timeSummarySameAsMainSummary"":true,""ratioNumeratorIdentifier"":"""",""ratioDenominatorIdentifier"":""""}",-,Not Applicable,Not Applicable,Not Applicable,,65116,,-,-,,,false,All Versions,,true,false,false,false,-,"Request Details.'Journal No.', 'ts_MAP RR L0', ts_Match Journal no, Journal.'JOURNAL NO.', Journal per user.'JOURNAL NO.'",Journal imp
RR NO...,"{""textType"":""GENERAL"",""dataType"":""TEXT""}",TEXT('Request No.'),"{""summaryMethod"":""NONE"",""timeSummaryMethod"":""NONE"",""timeSummarySameAsMainSummary"":true,""ratioNumeratorIdentifier"":"""",""ratioDenominatorIdentifier"":""""}",-,Not Applicable,Not Applicable,Not Applicable,,65116,,-,-,,,false,All Versions,,true,false,false,false,-,,Journal imp
RR No. Calc Final,"{""minimumSignificantDigits"":4,""decimalPlaces"":-1,""decimalSeparator"":""FULL_STOP"",""groupingSeparator"":""COMMA"",""negativeNumberNotation"":""MINUS_SIGN"",""unitsType"":""NONE"",""unitsDisplayType"":""NONE"",""currencyCode"":null,""customUnits"":null,""zeroFormat"":""ZERO"",""comparisonIncrease"":""GOOD"",""dataType"":""NUMBER""}","IF ISBLANK('RR NO.') THEN 0 ELSE IF VALUE('RR NO.') = DIVIDE(1, 0) THEN 0 ELSE VALUE('RR NO.')","{""summaryMethod"":""MAX"",""timeSummaryMethod"":""MAX"",""timeSummarySameAsMainSummary"":true,""ratioNumeratorIdentifier"":"""",""ratioDenominatorIdentifier"":""""}",-,Not Applicable,Not Applicable,Not Applicable,,65118,IF ISBLANK('RR NO.') THEN 0 ELSE VALUE('RR NO.'),-,-,,,false,All Versions,,true,false,false,false,-,'Receiving Input:Detailed'.'RR No.- OLD',Journal imp
RR NO.,"{""textType"":""GENERAL"",""dataType"":""TEXT""}",,"{""summaryMethod"":""NONE"",""timeSummaryMethod"":""NONE"",""timeSummarySameAsMainSummary"":true,""ratioNumeratorIdentifier"":"""",""ratioDenominatorIdentifier"":""""}",-,Not Applicable,Not Applicable,Not Applicable,,65116,,-,-,,,false,All Versions,,true,false,false,false,-,"Request Details.'RR No.', 'RR No. Calc Final', Journal.'RR NO.', Journal per user.'RR NO.'",Journal imp
VENDOR,"{""hierarchyEntityLongId"":101000000075,""entityFormatFilter"":null,""selectiveAccessApplied"":false,""showAll"":false,""dataType"":""ENTITY""}",,"{""summaryMethod"":""NONE"",""timeSummaryMethod"":""NONE"",""timeSummarySameAsMainSummary"":true,""ratioNumeratorIdentifier"":"""",""ratioDenominatorIdentifier"":""""}",-,Not Applicable,Not Applicable,Not Applicable,,65116,,-,-,,,false,All Versions,,true,false,false,false,-,"Request Details.Vendor Name, 'FV (L2) Food Vendor Journal'.Vendor, Receive Vendor, Journal.VENDOR, Journal per user.VENDOR, VP VendorPrice Journal.Vendor, 'VFP (L3) Vendor Food Price Journal'.Vendor",Journal imp
AREA,"{""hierarchyEntityLongId"":101000000073,""entityFormatFilter"":null,""selectiveAccessApplied"":false,""showAll"":false,""dataType"":""ENTITY""}",,"{""summaryMethod"":""NONE"",""timeSummaryMethod"":""NONE"",""timeSummarySameAsMainSummary"":true,""ratioNumeratorIdentifier"":"""",""ratioDenominatorIdentifier"":""""}",-,Not Applicable,Not Applicable,Not Applicable,,65116,,-,-,,,false,All Versions,,true,false,false,false,-,"Request Details.Area, 'FV (L2) Food Vendor Journal'.Area, Area Code, CONSUMPTION AREA, Journal.AREA, Journal per user.AREA, VP VendorPrice Journal.Area, 'VFP (L3) Vendor Food Price Journal'.Area",Journal imp
Area Code,"{""textType"":""GENERAL"",""dataType"":""TEXT""}",CODE(AREA),"{""summaryMethod"":""NONE"",""timeSummaryMethod"":""NONE"",""timeSummarySameAsMainSummary"":true,""ratioNumeratorIdentifier"":"""",""ratioDenominatorIdentifier"":""""}",-,Not Applicable,Not Applicable,Not Applicable,,65116,,-,-,,,false,All Versions,,true,false,false,false,-,Area Replicate li,Journal imp
Area Replicate li,"{""hierarchyEntityLongId"":101000000136,""entityFormatFilter"":null,""selectiveAccessApplied"":false,""showAll"":false,""dataType"":""ENTITY""}","FINDITEM(Area Replicate, Area Code)","{""summaryMethod"":""NONE"",""timeSummaryMethod"":""NONE"",""timeSummarySameAsMainSummary"":true,""ratioNumeratorIdentifier"":"""",""ratioDenominatorIdentifier"":""""}",-,Not Applicable,Not Applicable,Not Applicable,,65116,,-,-,,,false,All Versions,,true,false,false,false,-,"'Volume count - as of time'.For the month journal, 'Volume count - as of time'.Journal, 'Volume count - as of time'.Receive, 'Volume count - as of time'.Issued, 'Volume count - as of time'.Journal Count, 'Volume count - as of time'.Receive Count, 'Volume count - as of time'.'Receive-return Count', 'Volume count - as of time'.Issued Count, 'Inventory Report - area'.'Qty-Mvt FTD', 'Inventory Report - area'.Movement FTD",Journal imp
AREA TO,"{""hierarchyEntityLongId"":101000000073,""entityFormatFilter"":null,""selectiveAccessApplied"":false,""showAll"":false,""dataType"":""ENTITY""}",,"{""summaryMethod"":""NONE"",""timeSummaryMethod"":""NONE"",""timeSummarySameAsMainSummary"":true,""ratioNumeratorIdentifier"":"""",""ratioDenominatorIdentifier"":""""}",-,Not Applicable,Not Applicable,Not Applicable,,65116,,-,-,,,false,All Versions,,true,false,false,false,-,"CONSUMPTION AREA, Journal.AREA TO",Journal imp
CONSUMPTION AREA,"{""hierarchyEntityLongId"":101000000073,""entityFormatFilter"":null,""selectiveAccessApplied"":false,""showAll"":false,""dataType"":""ENTITY""}",IF ISBLANK(AREA TO) THEN AREA ELSE AREA TO,"{""summaryMethod"":""NONE"",""timeSummaryMethod"":""NONE"",""timeSummarySameAsMainSummary"":true,""ratioNumeratorIdentifier"":"""",""ratioDenominatorIdentifier"":""""}",-,Not Applicable,Not Applicable,Not Applicable,,65116,,-,-,,,false,All Versions,,true,false,false,false,-,Issuance Report.Amount,Journal imp
MEAL,"{""hierarchyEntityLongId"":101000000074,""entityFormatFilter"":null,""selectiveAccessApplied"":false,""showAll"":false,""dataType"":""ENTITY""}",,"{""summaryMethod"":""NONE"",""timeSummaryMethod"":""NONE"",""timeSummarySameAsMainSummary"":true,""ratioNumeratorIdentifier"":"""",""ratioDenominatorIdentifier"":""""}",-,Not Applicable,Not Applicable,Not Applicable,,65116,,-,-,,,false,All Versions,,true,false,false,false,-,"Request Details.Meal, Journal.MEAL, Journal per user.MEAL, Issuance Report.Amount",Journal imp
Meal description,"{""textType"":""GENERAL"",""dataType"":""TEXT""}",,"{""summaryMethod"":""NONE"",""timeSummaryMethod"":""NONE"",""timeSummarySameAsMainSummary"":true,""ratioNumeratorIdentifier"":"""",""ratioDenominatorIdentifier"":""""}",-,Not Applicable,Not Applicable,Not Applicable,,65116,,-,-,,,false,All Versions,,true,false,false,false,-,,Journal imp
FOOD CODE,"{""textType"":""GENERAL"",""dataType"":""TEXT""}",,"{""summaryMethod"":""NONE"",""timeSummaryMethod"":""NONE"",""timeSummarySameAsMainSummary"":true,""ratioNumeratorIdentifier"":"""",""ratioDenominatorIdentifier"":""""}",-,Not Applicable,Not Applicable,Not Applicable,,65116,,-,-,,,false,All Versions,,true,false,false,false,-,"Request Details.Food Code, FOOD DESCRIPTION, 'VFP L1 VendorFood Receive', 'FV L0 Food Receive', 'FV L1 FoodVendor Receive', Journal.FOOD CODE, Journal per user.Food Code Filter, Journal per user.FOOD CODE",Journal imp
FOOD DESCRIPTION,"{""hierarchyEntityLongId"":101000000072,""entityFormatFilter"":null,""selectiveAccessApplied"":false,""showAll"":false,""dataType"":""ENTITY""}","FINDITEM('Food L1', FOOD CODE)","{""summaryMethod"":""NONE"",""timeSummaryMethod"":""NONE"",""timeSummarySameAsMainSummary"":true,""ratioNumeratorIdentifier"":"""",""ratioDenominatorIdentifier"":""""}",-,Not Applicable,Not Applicable,Not Applicable,,65116,,-,-,,,false,All Versions,,true,false,false,false,-,"Request Details.Food Description, 'FV (L2) Food Vendor Journal'.Food Description, Journal.FOOD DESCRIPTION, Journal per user.FOOD DESCRIPTION, Journal per user.FOOD DESCRIPTION Filter, Inventory Report.Qty imp, Inventory Report.'Qty-Mvt FTD', Inventory Report.Movement FTD, 'Inventory Report - area'.'Qty-Mvt FTD', 'Inventory Report - area'.Movement FTD, VP VendorPrice Journal.Food Description, 'VFP (L3) Vendor Food Price Journal'.Food Description, '(3) Reorder Point - Report'.'Available Quantity - Total', '(4) Reorder Point - Report period'.'Available Quantity - Total', Validation Food.Journal imp",Journal imp
Food Description tx,"{""textType"":""GENERAL"",""dataType"":""TEXT""}",,"{""summaryMethod"":""NONE"",""timeSummaryMethod"":""NONE"",""timeSummarySameAsMainSummary"":true,""ratioNumeratorIdentifier"":"""",""ratioDenominatorIdentifier"":""""}",-,Not Applicable,Not Applicable,Not Applicable,,65116,,-,-,,,false,All Versions,,true,false,false,false,-,,Journal imp
FOOD GROUP,"{""hierarchyEntityLongId"":101000000071,""entityFormatFilter"":null,""selectiveAccessApplied"":false,""showAll"":false,""dataType"":""ENTITY""}",,"{""summaryMethod"":""NONE"",""timeSummaryMethod"":""NONE"",""timeSummarySameAsMainSummary"":true,""ratioNumeratorIdentifier"":"""",""ratioDenominatorIdentifier"":""""}",-,Not Applicable,Not Applicable,Not Applicable,,65116,,-,-,,,false,All Versions,,true,false,false,false,-,"Request Details.Food Group, Journal.FOOD GROUP, Journal per user.FOOD GROUP",Journal imp
Food Group tx,"{""textType"":""GENERAL"",""dataType"":""TEXT""}",,"{""summaryMethod"":""NONE"",""timeSummaryMethod"":""NONE"",""timeSummarySameAsMainSummary"":true,""ratioNumeratorIdentifier"":"""",""ratioDenominatorIdentifier"":""""}",-,Not Applicable,Not Applicable,Not Applicable,,65116,,-,-,,,false,All Versions,,true,false,false,false,-,,Journal imp
UOM,"{""textType"":""GENERAL"",""dataType"":""TEXT""}",,"{""summaryMethod"":""NONE"",""timeSummaryMethod"":""NONE"",""timeSummarySameAsMainSummary"":true,""ratioNumeratorIdentifier"":"""",""ratioDenominatorIdentifier"":""""}",-,Not Applicable,Not Applicable,Not Applicable,,65116,,-,-,,,false,All Versions,,true,false,false,false,-,"Request Details.UOM, Journal.UOM, Journal per user.UOM",Journal imp
QTY,"{""minimumSignificantDigits"":4,""decimalPlaces"":-1,""decimalSeparator"":""FULL_STOP"",""groupingSeparator"":""COMMA"",""negativeNumberNotation"":""MINUS_SIGN"",""unitsType"":""NONE"",""unitsDisplayType"":""NONE"",""currencyCode"":null,""customUnits"":null,""zeroFormat"":""BLANK"",""comparisonIncrease"":""GOOD"",""dataType"":""NUMBER""}",,"{""summaryMethod"":""NONE"",""timeSummaryMethod"":""NONE"",""timeSummarySameAsMainSummary"":true,""ratioNumeratorIdentifier"":"""",""ratioDenominatorIdentifier"":""""}",-,Not Applicable,Not Applicable,Not Applicable,,65116,,-,-,,,false,All Versions,,true,false,false,false,-,"Request Details.Qty, 'FV (L2) Food Vendor Journal'.Qty, test, 'test-begbal', Journal.QTY, Journal per user.QTY, Journal per user.QTY Filter, Inventory Report.Qty imp, VP VendorPrice Journal.Qty, 'VFP (L3) Vendor Food Price Journal'.Qty, '(3) Reorder Point - Report'.'Available Quantity - Total', '(4) Reorder Point - Report period'.'Available Quantity - Total', Validation Food.Journal imp",Journal imp
AVAILABLE QTY,"{""minimumSignificantDigits"":4,""decimalPlaces"":-1,""decimalSeparator"":""FULL_STOP"",""groupingSeparator"":""COMMA"",""negativeNumberNotation"":""MINUS_SIGN"",""unitsType"":""NONE"",""unitsDisplayType"":""NONE"",""currencyCode"":null,""customUnits"":null,""zeroFormat"":""BLANK"",""comparisonIncrease"":""GOOD"",""dataType"":""NUMBER""}",,"{""summaryMethod"":""NONE"",""timeSummaryMethod"":""NONE"",""timeSummarySameAsMainSummary"":true,""ratioNumeratorIdentifier"":"""",""ratioDenominatorIdentifier"":""""}",-,Not Applicable,Not Applicable,Not Applicable,,65116,,-,-,,,false,All Versions,,true,false,false,false,-,,Journal imp
Available Qty - Total,"{""minimumSignificantDigits"":4,""decimalPlaces"":-1,""decimalSeparator"":""FULL_STOP"",""groupingSeparator"":""COMMA"",""negativeNumberNotation"":""MINUS_SIGN"",""unitsType"":""NONE"",""unitsDisplayType"":""NONE"",""currencyCode"":null,""customUnits"":null,""zeroFormat"":""ZERO"",""comparisonIncrease"":""GOOD"",""dataType"":""NUMBER""}",,"{""summaryMethod"":""NONE"",""timeSummaryMethod"":""NONE"",""timeSummarySameAsMainSummary"":true,""ratioNumeratorIdentifier"":"""",""ratioDenominatorIdentifier"":""""}",-,Not Applicable,Not Applicable,Not Applicable,,65116,,-,-,,,false,All Versions,,true,false,false,false,-,,Journal imp
Available Qty - Area,"{""minimumSignificantDigits"":4,""decimalPlaces"":-1,""decimalSeparator"":""FULL_STOP"",""groupingSeparator"":""COMMA"",""negativeNumberNotation"":""MINUS_SIGN"",""unitsType"":""NONE"",""unitsDisplayType"":""NONE"",""currencyCode"":null,""customUnits"":null,""zeroFormat"":""ZERO"",""comparisonIncrease"":""GOOD"",""dataType"":""NUMBER""}",,"{""summaryMethod"":""NONE"",""timeSummaryMethod"":""NONE"",""timeSummarySameAsMainSummary"":true,""ratioNumeratorIdentifier"":"""",""ratioDenominatorIdentifier"":""""}",-,Not Applicable,Not Applicable,Not Applicable,,65116,,-,-,,,false,All Versions,,true,false,false,false,-,,Journal imp
UNIT PRICE,"{""minimumSignificantDigits"":4,""decimalPlaces"":-1,""decimalSeparator"":""FULL_STOP"",""groupingSeparator"":""COMMA"",""negativeNumberNotation"":""MINUS_SIGN"",""unitsType"":""NONE"",""unitsDisplayType"":""NONE"",""currencyCode"":null,""customUnits"":null,""zeroFormat"":""ZERO"",""comparisonIncrease"":""GOOD"",""dataType"":""NUMBER""}",,"{""summaryMethod"":""NONE"",""timeSummaryMethod"":""NONE"",""timeSummarySameAsMainSummary"":true,""ratioNumeratorIdentifier"":"""",""ratioDenominatorIdentifier"":""""}",-,Not Applicable,Not Applicable,Not Applicable,,65116,,-,-,,,false,All Versions,,true,false,false,false,-,"Request Details.Unit Price, 'FV (L2) Food Vendor Journal'.Unit Price, test, 'test-begbal', Receive VendorDateUP, 'VFP L2 VendorFoodPrice Receive', Journal.UNIT PRICE, Journal per user.UNIT PRICE, Journal per user.UNIT PRICE FIlter, VP VendorPrice Journal.Unit Price, 'VFP (L3) Vendor Food Price Journal'.Unit Price",Journal imp
VAT REG?,"{""hierarchyEntityLongId"":101000000160,""entityFormatFilter"":null,""selectiveAccessApplied"":false,""showAll"":false,""dataType"":""ENTITY""}",,"{""summaryMethod"":""NONE"",""timeSummaryMethod"":""NONE"",""timeSummarySameAsMainSummary"":true,""ratioNumeratorIdentifier"":"""",""ratioDenominatorIdentifier"":""""}",-,Not Applicable,Not Applicable,Not Applicable,,65116,,-,-,,,false,All Versions,,true,false,false,false,-,"Journal.VAT REG, Journal per user.VAT REG",Journal imp
VAT,"{""minimumSignificantDigits"":4,""decimalPlaces"":-1,""decimalSeparator"":""FULL_STOP"",""groupingSeparator"":""COMMA"",""negativeNumberNotation"":""MINUS_SIGN"",""unitsType"":""NONE"",""unitsDisplayType"":""NONE"",""currencyCode"":null,""customUnits"":null,""zeroFormat"":""ZERO"",""comparisonIncrease"":""GOOD"",""dataType"":""NUMBER""}",,"{""summaryMethod"":""NONE"",""timeSummaryMethod"":""NONE"",""timeSummarySameAsMainSummary"":true,""ratioNumeratorIdentifier"":"""",""ratioDenominatorIdentifier"":""""}",-,Not Applicable,Not Applicable,Not Applicable,,65116,,-,-,,,false,All Versions,,true,false,false,false,-,"Request Details.VAT, Journal.VAT, Journal per user.VAT",Journal imp
test,"{""minimumSignificantDigits"":4,""decimalPlaces"":-1,""decimalSeparator"":""FULL_STOP"",""groupingSeparator"":""COMMA"",""negativeNumberNotation"":""MINUS_SIGN"",""unitsType"":""NONE"",""unitsDisplayType"":""NONE"",""currencyCode"":null,""customUnits"":null,""zeroFormat"":""ZERO"",""comparisonIncrease"":""GOOD"",""dataType"":""NUMBER""}",IF UNIT PRICE < 0 THEN -(QTY * UNIT PRICE) ELSE IF UNIT PRICE >= 0 THEN QTY * UNIT PRICE ELSE 0,"{""summaryMethod"":""NONE"",""timeSummaryMethod"":""NONE"",""timeSummarySameAsMainSummary"":true,""ratioNumeratorIdentifier"":"""",""ratioDenominatorIdentifier"":""""}",-,Not Applicable,Not Applicable,Not Applicable,,65116,,-,-,,,false,All Versions,,true,false,false,false,-,,Journal imp
AMOUNT,"{""minimumSignificantDigits"":-1,""decimalPlaces"":2,""decimalSeparator"":""FULL_STOP"",""groupingSeparator"":""COMMA"",""negativeNumberNotation"":""MINUS_SIGN"",""unitsType"":""NONE"",""unitsDisplayType"":""NONE"",""currencyCode"":null,""customUnits"":null,""zeroFormat"":""ZERO"",""comparisonIncrease"":""GOOD"",""dataType"":""NUMBER""}",IF 'AMOUNT-VAT EX' <> 0 THEN 'AMOUNT-VAT EX' ELSE 'AMOUNT-INPUT',"{""summaryMethod"":""NONE"",""timeSummaryMethod"":""NONE"",""timeSummarySameAsMainSummary"":true,""ratioNumeratorIdentifier"":"""",""ratioDenominatorIdentifier"":""""}",-,Not Applicable,Not Applicable,Not Applicable,,65116,,-,-,,,false,All Versions,,true,false,false,false,-,"Request Details.Amount, 'FV (L2) Food Vendor Journal'.Total, Issuance Only, Journal.AMOUNT, Journal per user.AMOUNT, Journal per user.AMOUNT FILTER, VP VendorPrice Journal.Total, 'VFP (L3) Vendor Food Price Journal'.Total",Journal imp
AMOUNT-INPUT,"{""minimumSignificantDigits"":4,""decimalPlaces"":-1,""decimalSeparator"":""FULL_STOP"",""groupingSeparator"":""COMMA"",""negativeNumberNotation"":""MINUS_SIGN"",""unitsType"":""NONE"",""unitsDisplayType"":""NONE"",""currencyCode"":null,""customUnits"":null,""zeroFormat"":""ZERO"",""comparisonIncrease"":""GOOD"",""dataType"":""NUMBER""}",,"{""summaryMethod"":""NONE"",""timeSummaryMethod"":""NONE"",""timeSummarySameAsMainSummary"":true,""ratioNumeratorIdentifier"":"""",""ratioDenominatorIdentifier"":""""}",-,Not Applicable,Not Applicable,Not Applicable,,65116,,-,-,,,false,All Versions,,true,false,false,false,-,AMOUNT,Journal imp
AMOUNT-VAT EX,"{""minimumSignificantDigits"":4,""decimalPlaces"":-1,""decimalSeparator"":""FULL_STOP"",""groupingSeparator"":""COMMA"",""negativeNumberNotation"":""MINUS_SIGN"",""unitsType"":""NONE"",""unitsDisplayType"":""NONE"",""currencyCode"":null,""customUnits"":null,""zeroFormat"":""ZERO"",""comparisonIncrease"":""GOOD"",""dataType"":""NUMBER""}",,"{""summaryMethod"":""NONE"",""timeSummaryMethod"":""NONE"",""timeSummarySameAsMainSummary"":true,""ratioNumeratorIdentifier"":"""",""ratioDenominatorIdentifier"":""""}",-,Not Applicable,Not Applicable,Not Applicable,,65116,,-,-,,,false,All Versions,,true,false,false,false,-,AMOUNT,Journal imp
test-begbal,"{""minimumSignificantDigits"":4,""decimalPlaces"":-1,""decimalSeparator"":""FULL_STOP"",""groupingSeparator"":""COMMA"",""negativeNumberNotation"":""MINUS_SIGN"",""unitsType"":""NONE"",""unitsDisplayType"":""NONE"",""currencyCode"":null,""customUnits"":null,""zeroFormat"":""ZERO"",""comparisonIncrease"":""GOOD"",""dataType"":""NUMBER""}",QTY * UNIT PRICE,"{""summaryMethod"":""NONE"",""timeSummaryMethod"":""NONE"",""timeSummarySameAsMainSummary"":true,""ratioNumeratorIdentifier"":"""",""ratioDenominatorIdentifier"":""""}",-,Not Applicable,Not Applicable,Not Applicable,,65116,,-,-,,,false,All Versions,,true,false,false,false,-,,Journal imp
Issuance Only,"{""minimumSignificantDigits"":4,""decimalPlaces"":-1,""decimalSeparator"":""FULL_STOP"",""groupingSeparator"":""COMMA"",""negativeNumberNotation"":""MINUS_SIGN"",""unitsType"":""NONE"",""unitsDisplayType"":""NONE"",""currencyCode"":null,""customUnits"":null,""zeroFormat"":""ZERO"",""comparisonIncrease"":""GOOD"",""dataType"":""NUMBER""}",IF DOC TYPE = 'Doc Type L1'.'#2' OR DOC TYPE = 'Doc Type L1'.'#3' OR DOC TYPE = 'Doc Type L1'.'#5' THEN AMOUNT ELSE 0,"{""summaryMethod"":""NONE"",""timeSummaryMethod"":""NONE"",""timeSummarySameAsMainSummary"":true,""ratioNumeratorIdentifier"":"""",""ratioDenominatorIdentifier"":""""}",-,Not Applicable,Not Applicable,Not Applicable,,65116,,-,-,,,false,All Versions,,true,false,false,false,-,Journal.Issuance Only,Journal imp
REMARKS,"{""textType"":""GENERAL"",""dataType"":""TEXT""}",,"{""summaryMethod"":""NONE"",""timeSummaryMethod"":""NONE"",""timeSummarySameAsMainSummary"":true,""ratioNumeratorIdentifier"":"""",""ratioDenominatorIdentifier"":""""}",-,Not Applicable,Not Applicable,Not Applicable,,65116,,-,-,,,false,All Versions,,true,false,false,false,-,"Request Details.Remarks, Journal.REMARKS, Journal per user.REMARKS",Journal imp
User li,"{""hierarchyEntityLongId"":101000000117,""entityFormatFilter"":null,""selectiveAccessApplied"":false,""showAll"":false,""dataType"":""ENTITY""}","FINDITEM(User Replicate, User tx)","{""summaryMethod"":""NONE"",""timeSummaryMethod"":""NONE"",""timeSummarySameAsMainSummary"":true,""ratioNumeratorIdentifier"":"""",""ratioDenominatorIdentifier"":""""}",-,Not Applicable,Not Applicable,Not Applicable,,65116,,-,-,,,false,All Versions,,true,false,false,false,-,"Journal per user.DOC TYPE, Journal per user.DATE, Journal per user.REFERENCE, Journal per user.'JOURNAL NO.', Journal per user.'RR NO.', Journal per user.VENDOR, Journal per user.AREA, Journal per user.MEAL, Journal per user.FOOD CODE, Journal per user.FOOD DESCRIPTION, Journal per user.FOOD GROUP, Journal per user.UOM, Journal per user.QTY, Journal per user.UNIT PRICE, Journal per user.VAT REG, Journal per user.AMOUNT, Journal per user.REMARKS, Journal per user.Created By, Journal per user.Date Created, Journal per user.'**Existing?', Journal per user.'**test', Journal per user.'***Request No. (L0) li', Journal per user.'**Filter Request Det'",Journal imp
User tx,"{""textType"":""GENERAL"",""dataType"":""TEXT""}",,"{""summaryMethod"":""NONE"",""timeSummaryMethod"":""NONE"",""timeSummarySameAsMainSummary"":true,""ratioNumeratorIdentifier"":"""",""ratioDenominatorIdentifier"":""""}",-,Not Applicable,Not Applicable,Not Applicable,,65116,,-,-,,,false,All Versions,,true,false,false,false,-,"Request Details.Users, User li, Journal.User tx",Journal imp
Created by,"{""hierarchyEntityLongId"":101000000091,""entityFormatFilter"":null,""selectiveAccessApplied"":false,""showAll"":false,""dataType"":""ENTITY""}",,"{""summaryMethod"":""NONE"",""timeSummaryMethod"":""NONE"",""timeSummarySameAsMainSummary"":true,""ratioNumeratorIdentifier"":"""",""ratioDenominatorIdentifier"":""""}",-,Not Applicable,Not Applicable,Not Applicable,,65116,,-,-,,,false,All Versions,,true,false,false,false,-,"Request Details.Created by, ts_Match User, Journal.Created by, Journal per user.Created By, Journal per user.Name created",Journal imp
Date created,"{""dataType"":""DATE""}",,"{""summaryMethod"":""NONE"",""timeSummaryMethod"":""NONE"",""timeSummarySameAsMainSummary"":true,""ratioNumeratorIdentifier"":"""",""ratioDenominatorIdentifier"":""""}",-,Not Applicable,Not Applicable,Not Applicable,,65116,,-,-,,,false,All Versions,,true,false,false,false,-,"'(1.2) Approval - Transfer Request (L2)'.Journal Date, Request Details.Date created, Journal.Date created, Journal per user.Date Created, Journal per user.Date Created Filter, Inventory Report.Qty imp",Journal imp
JournalCode,"{""textType"":""GENERAL"",""dataType"":""TEXT""}",CODE(ITEM('Journal (L1)')),"{""summaryMethod"":""NONE"",""timeSummaryMethod"":""NONE"",""timeSummarySameAsMainSummary"":true,""ratioNumeratorIdentifier"":"""",""ratioDenominatorIdentifier"":""""}",-,Not Applicable,Not Applicable,Not Applicable,,65116,"cel: CODE(ITEM('Journal (L1)')) & ""_"" & TEXT('Request No.') & ""_"" & NAME(ITEM('Journal (L1)'))",-,-,,,false,All Versions,,true,false,false,false,-,"'VP VendorPriceJournal (L2) li', 'VP VendorPriceJournal (L2) NYE?', 'VFP L3 VendorFoodPriceJournal li', 'VFP L3 VendorFoodPriceJournal NYE?', 'FV L2 FoodVendorJournal li', 'FV L2 FoodVendorJournal NYE?'",Journal imp
Req Det Code,"{""textType"":""GENERAL"",""dataType"":""TEXT""}",,"{""summaryMethod"":""NONE"",""timeSummaryMethod"":""NONE"",""timeSummarySameAsMainSummary"":true,""ratioNumeratorIdentifier"":"""",""ratioDenominatorIdentifier"":""""}",-,Not Applicable,Not Applicable,Not Applicable,,65116,,-,-,,,false,All Versions,,true,false,false,false,-,,Journal imp
Filter - MAP,"{""dataType"":""BOOLEAN""}",TRUE,"{""summaryMethod"":""NONE"",""timeSummaryMethod"":""NONE"",""timeSummarySameAsMainSummary"":true,""ratioNumeratorIdentifier"":"""",""ratioDenominatorIdentifier"":""""}",-,Not Applicable,Not Applicable,Not Applicable,,65116,,-,-,,,false,All Versions,,true,false,false,false,-,,Journal imp
---VENDOR Details---,"{""dataType"":""NONE""}",,"{""summaryMethod"":""NONE"",""timeSummaryMethod"":""NONE"",""timeSummarySameAsMainSummary"":true,""ratioNumeratorIdentifier"":"""",""ratioDenominatorIdentifier"":""""}",-,Not Applicable,Not Applicable,Not Applicable,,0,,-,-,,,false,All Versions,,true,false,false,false,-,,Journal imp
Rec?,"{""dataType"":""BOOLEAN""}",DOC TYPE = 'Doc Type L1'.'#1',"{""summaryMethod"":""NONE"",""timeSummaryMethod"":""NONE"",""timeSummarySameAsMainSummary"":true,""ratioNumeratorIdentifier"":"""",""ratioDenominatorIdentifier"":""""}",-,Not Applicable,Not Applicable,Not Applicable,,65116,,-,-,,,false,All Versions,,true,false,false,false,-,"Receive Vendor, 'VP VendorPriceJournal (L2) li', 'VP VendorPriceJournal (L2) NYE?', 'VFP L3 VendorFoodPriceJournal li', 'VFP L3 VendorFoodPriceJournal NYE?', 'FV L0 Food Receive', 'FV L2 FoodVendorJournal li', 'FV L2 FoodVendorJournal NYE?'",Journal imp
Receive Vendor,"{""hierarchyEntityLongId"":101000000075,""entityFormatFilter"":null,""selectiveAccessApplied"":false,""showAll"":false,""dataType"":""ENTITY""}",IF Rec? THEN VENDOR ELSE BLANK,"{""summaryMethod"":""NONE"",""timeSummaryMethod"":""NONE"",""timeSummarySameAsMainSummary"":true,""ratioNumeratorIdentifier"":"""",""ratioDenominatorIdentifier"":""""}",-,Not Applicable,Not Applicable,Not Applicable,,65116,,-,-,,,false,All Versions,,true,false,false,false,-,"Receive Vendor Code, Receive VendorDateUP, 'VFP L1 VendorFood Receive'",Journal imp
Receive Vendor Code,"{""textType"":""GENERAL"",""dataType"":""TEXT""}",CODE(Receive Vendor),"{""summaryMethod"":""NONE"",""timeSummaryMethod"":""NONE"",""timeSummarySameAsMainSummary"":true,""ratioNumeratorIdentifier"":"""",""ratioDenominatorIdentifier"":""""}",-,Not Applicable,Not Applicable,Not Applicable,,65116,,-,-,,,false,All Versions,,true,false,false,false,-,"VP Vendor li, 'VP Vendor NYE and IFO', VP Vendor First Occurrence, Receive VendorDateUP, 'VFP L1 VendorFood Receive', 'FV L1 FoodVendor Receive'",Journal imp
VP Vendor li,"{""hierarchyEntityLongId"":101000000142,""entityFormatFilter"":null,""selectiveAccessApplied"":false,""showAll"":false,""dataType"":""ENTITY""}","FINDITEM('V Vendor (L0)', Receive Vendor Code)","{""summaryMethod"":""NONE"",""timeSummaryMethod"":""NONE"",""timeSummarySameAsMainSummary"":true,""ratioNumeratorIdentifier"":"""",""ratioDenominatorIdentifier"":""""}",-,Not Applicable,Not Applicable,Not Applicable,,65116,,-,-,,,false,All Versions,,true,false,false,false,-,'VP Vendor NYE and IFO',Journal imp
VP Vendor NYE and IFO,"{""dataType"":""BOOLEAN""}","ISBLANK(VP Vendor li) AND ISFIRSTOCCURRENCE(Receive Vendor Code, 'Journal (L1)')","{""summaryMethod"":""NONE"",""timeSummaryMethod"":""NONE"",""timeSummarySameAsMainSummary"":true,""ratioNumeratorIdentifier"":"""",""ratioDenominatorIdentifier"":""""}",-,Not Applicable,Not Applicable,Not Applicable,,65116,,-,-,,,false,All Versions,,true,false,false,false,-,,Journal imp
VP Vendor First Occurrence,"{""dataType"":""BOOLEAN""}","ISFIRSTOCCURRENCE(Receive Vendor Code, 'Journal (L1)')","{""summaryMethod"":""NONE"",""timeSummaryMethod"":""NONE"",""timeSummarySameAsMainSummary"":true,""ratioNumeratorIdentifier"":"""",""ratioDenominatorIdentifier"":""""}",-,Not Applicable,Not Applicable,Not Applicable,,65116,,-,-,,,false,All Versions,,true,false,false,false,-,,Journal imp
Receive Date,"{""textType"":""GENERAL"",""dataType"":""TEXT""}","RIGHT(TEXT(YEAR(DATE)), 2) & ""."" & NAME(Month conversion) & (IF DAY(DATE) < 10 THEN ""0"" ELSE """") & TEXT(DAY(DATE))","{""summaryMethod"":""NONE"",""timeSummaryMethod"":""NONE"",""timeSummarySameAsMainSummary"":true,""ratioNumeratorIdentifier"":"""",""ratioDenominatorIdentifier"":""""}",-,Not Applicable,Not Applicable,Not Applicable,,65116,,-,-,,,false,All Versions,,true,false,false,false,-,"'FV (L2) Food Vendor Journal'.Receive Date, Receive VendorDateUP, 'VFP L2 VendorFoodPrice Receive', VP VendorPrice Journal.Receive Date, 'VFP (L3) Vendor Food Price Journal'.Receive Date",Journal imp
Receive VendorDateUP,"{""textType"":""GENERAL"",""dataType"":""TEXT""}","IF ISNOTBLANK(Receive Vendor) THEN Receive Vendor Code & "" - "" & TEXT(ROUND(UNIT PRICE, 4)) & "":"" & Receive Date ELSE """"","{""summaryMethod"":""NONE"",""timeSummaryMethod"":""NONE"",""timeSummarySameAsMainSummary"":true,""ratioNumeratorIdentifier"":"""",""ratioDenominatorIdentifier"":""""}",-,Not Applicable,Not Applicable,Not Applicable,,65116,,-,-,,,false,All Versions,,true,false,false,false,-,"'VP VendorPrice (L1) li', 'VP VendorPrice (L1) NYE?'",Journal imp
VP VendorPrice (L1) li,"{""hierarchyEntityLongId"":101000000143,""entityFormatFilter"":null,""selectiveAccessApplied"":false,""showAll"":false,""dataType"":""ENTITY""}","FINDITEM('VP VendorPrice (L1)', Receive VendorDateUP)","{""summaryMethod"":""NONE"",""timeSummaryMethod"":""NONE"",""timeSummarySameAsMainSummary"":true,""ratioNumeratorIdentifier"":"""",""ratioDenominatorIdentifier"":""""}",-,Not Applicable,Not Applicable,Not Applicable,,65116,,-,-,,,false,All Versions,,true,false,false,false,-,'VP VendorPrice (L1) NYE?',Journal imp
VP VendorPrice (L1) NYE?,"{""dataType"":""BOOLEAN""}","ISBLANK('VP VendorPrice (L1) li') AND ISFIRSTOCCURRENCE(Receive VendorDateUP, 'Journal (L1)')","{""summaryMethod"":""NONE"",""timeSummaryMethod"":""NONE"",""timeSummarySameAsMainSummary"":true,""ratioNumeratorIdentifier"":"""",""ratioDenominatorIdentifier"":""""}",-,Not Applicable,Not Applicable,Not Applicable,,65116,,-,-,,,false,All Versions,,true,false,false,false,-,,Journal imp
VP VendorPriceJournal (L2) li,"{""hierarchyEntityLongId"":101000000144,""entityFormatFilter"":null,""selectiveAccessApplied"":false,""showAll"":false,""dataType"":""ENTITY""}","IF Rec? THEN FINDITEM('VP VendorPriceJournal (L2)', JournalCode) ELSE BLANK","{""summaryMethod"":""NONE"",""timeSummaryMethod"":""NONE"",""timeSummarySameAsMainSummary"":true,""ratioNumeratorIdentifier"":"""",""ratioDenominatorIdentifier"":""""}",-,Not Applicable,Not Applicable,Not Applicable,,65116,,-,-,,,false,All Versions,,true,false,false,false,-,'VP VendorPriceJournal (L2) NYE?',Journal imp
VP VendorPriceJournal (L2) NYE?,"{""dataType"":""BOOLEAN""}","Rec? AND ISBLANK('VP VendorPriceJournal (L2) li') AND ISFIRSTOCCURRENCE(JournalCode, 'Journal (L1)')","{""summaryMethod"":""NONE"",""timeSummaryMethod"":""NONE"",""timeSummarySameAsMainSummary"":true,""ratioNumeratorIdentifier"":"""",""ratioDenominatorIdentifier"":""""}",-,Not Applicable,Not Applicable,Not Applicable,,65116,,-,-,,,false,All Versions,,true,false,false,false,-,,Journal imp
VFP L1 VendorFood Receive,"{""textType"":""GENERAL"",""dataType"":""TEXT""}","IF NOT ts_Void THEN IF ISNOTBLANK(Receive Vendor) THEN Receive Vendor Code & "" _ "" & FOOD CODE ELSE """" ELSE BLANK","{""summaryMethod"":""NONE"",""timeSummaryMethod"":""NONE"",""timeSummarySameAsMainSummary"":true,""ratioNumeratorIdentifier"":"""",""ratioDenominatorIdentifier"":""""}",-,Not Applicable,Not Applicable,Not Applicable,Heading1,65116,,-,-,,,false,All Versions,,true,false,false,false,-,"'VFP L1 VendorFood li', 'VFP L1 VendorFood NYE?', 'VFP L2 VendorFoodPrice Receive'",Journal imp
VFP L1 VendorFood li,"{""hierarchyEntityLongId"":101000000146,""entityFormatFilter"":null,""selectiveAccessApplied"":false,""showAll"":false,""dataType"":""ENTITY""}","FINDITEM('VFP (L1) VendorFood', 'VFP L1 VendorFood Receive')","{""summaryMethod"":""NONE"",""timeSummaryMethod"":""NONE"",""timeSummarySameAsMainSummary"":true,""ratioNumeratorIdentifier"":"""",""ratioDenominatorIdentifier"":""""}",-,Not Applicable,Not Applicable,Not Applicable,,65116,,-,-,,,false,All Versions,,true,false,false,false,-,'VFP L1 VendorFood NYE?',Journal imp
VFP L1 VendorFood NYE?,"{""dataType"":""BOOLEAN""}","ISBLANK('VFP L1 VendorFood li') AND ISFIRSTOCCURRENCE('VFP L1 VendorFood Receive', 'Journal (L1)')","{""summaryMethod"":""NONE"",""timeSummaryMethod"":""NONE"",""timeSummarySameAsMainSummary"":true,""ratioNumeratorIdentifier"":"""",""ratioDenominatorIdentifier"":""""}",-,Not Applicable,Not Applicable,Not Applicable,,65116,,-,-,,,false,All Versions,,true,false,false,false,-,,Journal imp
VFP L2 VendorFoodPrice Receive,"{""textType"":""GENERAL"",""dataType"":""TEXT""}","IF ISNOTBLANK('VFP L1 VendorFood Receive') THEN 'VFP L1 VendorFood Receive' & "" - "" & TEXT(ROUND(UNIT PRICE, 4)) & "":"" & Receive Date ELSE """"","{""summaryMethod"":""NONE"",""timeSummaryMethod"":""NONE"",""timeSummarySameAsMainSummary"":true,""ratioNumeratorIdentifier"":"""",""ratioDenominatorIdentifier"":""""}",-,Not Applicable,Not Applicable,Not Applicable,Heading1,65116,,-,-,,,false,All Versions,,true,false,false,false,-,"'VFP L2 VendorFoodPrice li', 'VFP L2 VendorFoodPrice NYE?'",Journal imp
VFP L2 VendorFoodPrice li,"{""hierarchyEntityLongId"":101000000147,""entityFormatFilter"":null,""selectiveAccessApplied"":false,""showAll"":false,""dataType"":""ENTITY""}","FINDITEM('VFP (L2) VendorFoodPrice', 'VFP L2 VendorFoodPrice Receive')","{""summaryMethod"":""NONE"",""timeSummaryMethod"":""NONE"",""timeSummarySameAsMainSummary"":true,""ratioNumeratorIdentifier"":"""",""ratioDenominatorIdentifier"":""""}",-,Not Applicable,Not Applicable,Not Applicable,,65116,,-,-,,,false,All Versions,,true,false,false,false,-,'VFP L2 VendorFoodPrice NYE?',Journal imp
VFP L2 VendorFoodPrice NYE?,"{""dataType"":""BOOLEAN""}","ISBLANK('VFP L2 VendorFoodPrice li') AND ISFIRSTOCCURRENCE('VFP L2 VendorFoodPrice Receive', 'Journal (L1)')","{""summaryMethod"":""NONE"",""timeSummaryMethod"":""NONE"",""timeSummarySameAsMainSummary"":true,""ratioNumeratorIdentifier"":"""",""ratioDenominatorIdentifier"":""""}",-,Not Applicable,Not Applicable,Not Applicable,,65116,,-,-,,,false,All Versions,,true,false,false,false,-,,Journal imp
VFP L3 VendorFoodPriceJournal Receive,"{""dataType"":""NONE""}",,"{""summaryMethod"":""NONE"",""timeSummaryMethod"":""NONE"",""timeSummarySameAsMainSummary"":true,""ratioNumeratorIdentifier"":"""",""ratioDenominatorIdentifier"":""""}",-,Not Applicable,Not Applicable,Not Applicable,Heading1,0,,-,-,,,false,All Versions,,true,false,false,false,-,,Journal imp
VFP L3 VendorFoodPriceJournal li,"{""hierarchyEntityLongId"":101000000148,""entityFormatFilter"":null,""selectiveAccessApplied"":false,""showAll"":false,""dataType"":""ENTITY""}","IF Rec? THEN FINDITEM('VFP (L3) VendorFoodPriceJournal', JournalCode) ELSE BLANK","{""summaryMethod"":""NONE"",""timeSummaryMethod"":""NONE"",""timeSummarySameAsMainSummary"":true,""ratioNumeratorIdentifier"":"""",""ratioDenominatorIdentifier"":""""}",-,Not Applicable,Not Applicable,Not Applicable,,65116,,-,-,,,false,All Versions,,true,false,false,false,-,'VFP L3 VendorFoodPriceJournal NYE?',Journal imp
VFP L3 VendorFoodPriceJournal NYE?,"{""dataType"":""BOOLEAN""}","Rec? AND ISBLANK('VFP L3 VendorFoodPriceJournal li') AND ISFIRSTOCCURRENCE(JournalCode, 'Journal (L1)')","{""summaryMethod"":""NONE"",""timeSummaryMethod"":""NONE"",""timeSummarySameAsMainSummary"":true,""ratioNumeratorIdentifier"":"""",""ratioDenominatorIdentifier"":""""}",-,Not Applicable,Not Applicable,Not Applicable,,65116,,-,-,,,false,All Versions,,true,false,false,false,-,,Journal imp
---FOOD VENDOR---,"{""dataType"":""NONE""}",,"{""summaryMethod"":""NONE"",""timeSummaryMethod"":""NONE"",""timeSummarySameAsMainSummary"":true,""ratioNumeratorIdentifier"":"""",""ratioDenominatorIdentifier"":""""}",-,Not Applicable,Not Applicable,Not Applicable,Summary1,0,,-,-,,,false,All Versions,,true,false,false,false,-,,Journal imp
FV L0 Food Receive,"{""textType"":""GENERAL"",""dataType"":""TEXT""}",IF Rec? THEN FOOD CODE ELSE BLANK,"{""summaryMethod"":""NONE"",""timeSummaryMethod"":""NONE"",""timeSummarySameAsMainSummary"":true,""ratioNumeratorIdentifier"":"""",""ratioDenominatorIdentifier"":""""}",-,Not Applicable,Not Applicable,Not Applicable,Heading1,65116,,-,-,,,false,All Versions,,true,false,false,false,-,"'FV L0 Food li', 'FV L0 Food NYE?', 'FV L1 FoodVendor Receive'",Journal imp
FV L0 Food li,"{""hierarchyEntityLongId"":101000000149,""entityFormatFilter"":null,""selectiveAccessApplied"":false,""showAll"":false,""dataType"":""ENTITY""}","FINDITEM('FV (L0) Food', 'FV L0 Food Receive')","{""summaryMethod"":""NONE"",""timeSummaryMethod"":""NONE"",""timeSummarySameAsMainSummary"":true,""ratioNumeratorIdentifier"":"""",""ratioDenominatorIdentifier"":""""}",-,Not Applicable,Not Applicable,Not Applicable,,65116,,-,-,,,false,All Versions,,true,false,false,false,-,'FV L0 Food NYE?',Journal imp
FV L0 Food NYE?,"{""dataType"":""BOOLEAN""}","ISBLANK('FV L0 Food li') AND ISFIRSTOCCURRENCE('FV L0 Food Receive', 'Journal (L1)')","{""summaryMethod"":""NONE"",""timeSummaryMethod"":""NONE"",""timeSummarySameAsMainSummary"":true,""ratioNumeratorIdentifier"":"""",""ratioDenominatorIdentifier"":""""}",-,Not Applicable,Not Applicable,Not Applicable,,65116,,-,-,,,false,All Versions,,true,false,false,false,-,,Journal imp
FV L1 FoodVendor Receive,"{""textType"":""GENERAL"",""dataType"":""TEXT""}","IF ISNOTBLANK('FV L0 Food Receive') THEN FOOD CODE & "" _ "" & Receive Vendor Code ELSE """"","{""summaryMethod"":""NONE"",""timeSummaryMethod"":""NONE"",""timeSummarySameAsMainSummary"":true,""ratioNumeratorIdentifier"":"""",""ratioDenominatorIdentifier"":""""}",-,Not Applicable,Not Applicable,Not Applicable,Heading1,65116,,-,-,,,false,All Versions,,true,false,false,false,-,"'FV L1 FoodVendor li', 'FV L1 FoodVendor NYE?'",Journal imp
FV L1 FoodVendor li,"{""hierarchyEntityLongId"":101000000150,""entityFormatFilter"":null,""selectiveAccessApplied"":false,""showAll"":false,""dataType"":""ENTITY""}","FINDITEM('FV (L1) FoodVendor', 'FV L1 FoodVendor Receive')","{""summaryMethod"":""NONE"",""timeSummaryMethod"":""NONE"",""timeSummarySameAsMainSummary"":true,""ratioNumeratorIdentifier"":"""",""ratioDenominatorIdentifier"":""""}",-,Not Applicable,Not Applicable,Not Applicable,,65116,,-,-,,,false,All Versions,,true,false,false,false,-,'FV L1 FoodVendor NYE?',Journal imp
FV L1 FoodVendor NYE?,"{""dataType"":""BOOLEAN""}","ISBLANK('FV L1 FoodVendor li') AND ISFIRSTOCCURRENCE('FV L1 FoodVendor Receive', 'Journal (L1)')","{""summaryMethod"":""NONE"",""timeSummaryMethod"":""NONE"",""timeSummarySameAsMainSummary"":true,""ratioNumeratorIdentifier"":"""",""ratioDenominatorIdentifier"":""""}",-,Not Applicable,Not Applicable,Not Applicable,,65116,,-,-,,,false,All Versions,,true,false,false,false,-,,Journal imp
FV L2 FoodVendorJournal Receive,"{""dataType"":""NONE""}",,"{""summaryMethod"":""NONE"",""timeSummaryMethod"":""NONE"",""timeSummarySameAsMainSummary"":true,""ratioNumeratorIdentifier"":"""",""ratioDenominatorIdentifier"":""""}",-,Not Applicable,Not Applicable,Not Applicable,Heading1,0,,-,-,,,false,All Versions,,true,false,false,false,-,,Journal imp
FV L2 FoodVendorJournal li,"{""hierarchyEntityLongId"":101000000151,""entityFormatFilter"":null,""selectiveAccessApplied"":false,""showAll"":false,""dataType"":""ENTITY""}","IF Rec? THEN FINDITEM('FV (L2) FoodVendorJournal', JournalCode) ELSE BLANK","{""summaryMethod"":""NONE"",""timeSummaryMethod"":""NONE"",""timeSummarySameAsMainSummary"":true,""ratioNumeratorIdentifier"":"""",""ratioDenominatorIdentifier"":""""}",-,Not Applicable,Not Applicable,Not Applicable,,65116,,-,-,,,false,All Versions,,true,false,false,false,-,'FV L2 FoodVendorJournal NYE?',Journal imp
FV L2 FoodVendorJournal NYE?,"{""dataType"":""BOOLEAN""}","Rec? AND ISBLANK('FV L2 FoodVendorJournal li') AND ISFIRSTOCCURRENCE(JournalCode, 'Journal (L1)')","{""summaryMethod"":""NONE"",""timeSummaryMethod"":""NONE"",""timeSummarySameAsMainSummary"":true,""ratioNumeratorIdentifier"":"""",""ratioDenominatorIdentifier"":""""}",-,Not Applicable,Not Applicable,Not Applicable,,65116,,-,-,,,false,All Versions,,true,false,false,false,-,,Journal imp
Format,"{""minimumSignificantDigits"":4,""decimalPlaces"":-1,""decimalSeparator"":""FULL_STOP"",""groupingSeparator"":""COMMA"",""negativeNumberNotation"":""MINUS_SIGN"",""unitsType"":""NONE"",""unitsDisplayType"":""NONE"",""currencyCode"":null,""customUnits"":null,""zeroFormat"":""ZERO"",""comparisonIncrease"":""GOOD"",""dataType"":""NUMBER""}",1,"{""summaryMethod"":""SUM"",""timeSummaryMethod"":""SUM"",""timeSummarySameAsMainSummary"":true,""ratioNumeratorIdentifier"":"""",""ratioDenominatorIdentifier"":""""}",-,Not Applicable,Not Applicable,Not Applicable,Heading1,65118,,-,-,,,false,All Versions,,true,false,false,false,-,,Journal imp
Row Number,"{""minimumSignificantDigits"":4,""decimalPlaces"":-1,""decimalSeparator"":""FULL_STOP"",""groupingSeparator"":""COMMA"",""negativeNumberNotation"":""MINUS_SIGN"",""unitsType"":""NONE"",""unitsDisplayType"":""NONE"",""currencyCode"":null,""customUnits"":null,""zeroFormat"":""ZERO"",""comparisonIncrease"":""GOOD"",""dataType"":""NUMBER""}",,"{""summaryMethod"":""NONE"",""timeSummaryMethod"":""NONE"",""timeSummarySameAsMainSummary"":true,""ratioNumeratorIdentifier"":"""",""ratioDenominatorIdentifier"":""""}",-,Not Applicable,Not Applicable,Not Applicable,,65116,,-,-,,,false,All Versions,,true,false,false,false,-,,Journal imp
Reorder point,"{""minimumSignificantDigits"":4,""decimalPlaces"":-1,""decimalSeparator"":""FULL_STOP"",""groupingSeparator"":""COMMA"",""negativeNumberNotation"":""MINUS_SIGN"",""unitsType"":""NONE"",""unitsDisplayType"":""NONE"",""currencyCode"":null,""customUnits"":null,""zeroFormat"":""ZERO"",""comparisonIncrease"":""GOOD"",""dataType"":""NUMBER""}",,"{""summaryMethod"":""NONE"",""timeSummaryMethod"":""NONE"",""timeSummarySameAsMainSummary"":true,""ratioNumeratorIdentifier"":"""",""ratioDenominatorIdentifier"":""""}",-,Not Applicable,Not Applicable,Not Applicable,,65116,,-,-,,,false,All Versions,,true,false,false,false,-,,Journal imp
Total Requests to Issue,"{""minimumSignificantDigits"":4,""decimalPlaces"":-1,""decimalSeparator"":""FULL_STOP"",""groupingSeparator"":""COMMA"",""negativeNumberNotation"":""MINUS_SIGN"",""unitsType"":""NONE"",""unitsDisplayType"":""NONE"",""currencyCode"":null,""customUnits"":null,""zeroFormat"":""ZERO"",""comparisonIncrease"":""GOOD"",""dataType"":""NUMBER""}",,"{""summaryMethod"":""NONE"",""timeSummaryMethod"":""NONE"",""timeSummarySameAsMainSummary"":true,""ratioNumeratorIdentifier"":"""",""ratioDenominatorIdentifier"":""""}",-,Not Applicable,Not Applicable,Not Applicable,,65116,,-,-,,,false,All Versions,,true,false,false,false,-,,Journal imp
Unit Price Fixed imp,"{""minimumSignificantDigits"":4,""decimalPlaces"":-1,""decimalSeparator"":""FULL_STOP"",""groupingSeparator"":""COMMA"",""negativeNumberNotation"":""MINUS_SIGN"",""unitsType"":""NONE"",""unitsDisplayType"":""NONE"",""currencyCode"":null,""customUnits"":null,""zeroFormat"":""ZERO"",""comparisonIncrease"":""GOOD"",""dataType"":""NUMBER""}",,"{""summaryMethod"":""NONE"",""timeSummaryMethod"":""NONE"",""timeSummarySameAsMainSummary"":true,""ratioNumeratorIdentifier"":"""",""ratioDenominatorIdentifier"":""""}",-,Not Applicable,Not Applicable,Not Applicable,,65116,,-,-,,,false,All Versions,,true,false,false,false,-,,Journal imp
Receive?,"{""dataType"":""BOOLEAN""}",,"{""summaryMethod"":""NONE"",""timeSummaryMethod"":""NONE"",""timeSummarySameAsMainSummary"":true,""ratioNumeratorIdentifier"":"""",""ratioDenominatorIdentifier"":""""}",-,Not Applicable,Not Applicable,Not Applicable,,65116,,-,-,,,false,All Versions,,true,false,false,false,-,,Journal imp
Issue?,"{""dataType"":""BOOLEAN""}",,"{""summaryMethod"":""NONE"",""timeSummaryMethod"":""NONE"",""timeSummarySameAsMainSummary"":true,""ratioNumeratorIdentifier"":"""",""ratioDenominatorIdentifier"":""""}",-,Not Applicable,Not Applicable,Not Applicable,,65116,,-,-,,,false,All Versions,,true,false,false,false,-,,Journal imp
Troubleshoot,"{""dataType"":""NONE""}",,"{""summaryMethod"":""NONE"",""timeSummaryMethod"":""NONE"",""timeSummarySameAsMainSummary"":true,""ratioNumeratorIdentifier"":"""",""ratioDenominatorIdentifier"":""""}",-,Not Applicable,Not Applicable,Not Applicable,Heading1,0,,-,-,,,false,All Versions,,true,false,false,false,-,,Journal imp
ts_MAP RR L0,"{""hierarchyEntityLongId"":101000000102,""entityFormatFilter"":null,""selectiveAccessApplied"":false,""showAll"":false,""dataType"":""ENTITY""}","FINDITEM('MAP RR No. (L0)', Year Li & ""-"" & TEXT('JOURNAL NO.'))","{""summaryMethod"":""NONE"",""timeSummaryMethod"":""NONE"",""timeSummarySameAsMainSummary"":true,""ratioNumeratorIdentifier"":"""",""ratioDenominatorIdentifier"":""""}",-,Not Applicable,Not Applicable,Not Applicable,,65116,,-,-,,,false,All Versions,,true,false,false,false,-,ts_Void,Journal imp
ts_Void,"{""dataType"":""BOOLEAN""}",'MAP RR No. (L0)'.Void?[LOOKUP: 'ts_MAP RR L0'],"{""summaryMethod"":""NONE"",""timeSummaryMethod"":""NONE"",""timeSummarySameAsMainSummary"":true,""ratioNumeratorIdentifier"":"""",""ratioDenominatorIdentifier"":""""}",-,Not Applicable,Not Applicable,Not Applicable,,65116,,-,-,,,false,All Versions,,true,false,false,false,-,'VFP L1 VendorFood Receive',Journal imp
ts_Potential Entries,"{""dataType"":""BOOLEAN""}",(ts_Match User OR ts_Match Ref OR ts_Match Req no) AND ts_Match Year,"{""summaryMethod"":""NONE"",""timeSummaryMethod"":""NONE"",""timeSummarySameAsMainSummary"":true,""ratioNumeratorIdentifier"":"""",""ratioDenominatorIdentifier"":""""}",-,Not Applicable,Not Applicable,Not Applicable,,65116,,-,-,,,false,All Versions,,true,false,false,false,-,,Journal imp
ts_Match Year,"{""dataType"":""BOOLEAN""}",Year Li = Test Debug.Year,"{""summaryMethod"":""NONE"",""timeSummaryMethod"":""NONE"",""timeSummarySameAsMainSummary"":true,""ratioNumeratorIdentifier"":"""",""ratioDenominatorIdentifier"":""""}",-,Not Applicable,Not Applicable,Not Applicable,,65116,,-,-,,,false,All Versions,,true,false,false,false,-,ts_Potential Entries,Journal imp
ts_Match User,"{""dataType"":""BOOLEAN""}",Created by = Test Debug.Created By AND ISNOTBLANK(Test Debug.Created By),"{""summaryMethod"":""NONE"",""timeSummaryMethod"":""NONE"",""timeSummarySameAsMainSummary"":true,""ratioNumeratorIdentifier"":"""",""ratioDenominatorIdentifier"":""""}",-,Not Applicable,Not Applicable,Not Applicable,,65116,,-,-,,,false,All Versions,,true,false,false,false,-,ts_Potential Entries,Journal imp
ts_Match Ref,"{""dataType"":""BOOLEAN""}",ISNOTBLANK(REFERENCE) AND REFERENCE = Test Debug.Ref,"{""summaryMethod"":""NONE"",""timeSummaryMethod"":""NONE"",""timeSummarySameAsMainSummary"":true,""ratioNumeratorIdentifier"":"""",""ratioDenominatorIdentifier"":""""}",-,Not Applicable,Not Applicable,Not Applicable,,65116,,-,-,,,false,All Versions,,true,false,false,false,-,ts_Potential Entries,Journal imp
ts_Match Req no,"{""dataType"":""BOOLEAN""}",VALUE('Request No. tx') <= Test Debug.Req no + 1 AND VALUE('Request No. tx') >= Test Debug.Req no - 1,"{""summaryMethod"":""NONE"",""timeSummaryMethod"":""NONE"",""timeSummarySameAsMainSummary"":true,""ratioNumeratorIdentifier"":"""",""ratioDenominatorIdentifier"":""""}",-,Not Applicable,Not Applicable,Not Applicable,,65116,,-,-,,,false,All Versions,,true,false,false,false,-,ts_Potential Entries,Journal imp
ts_Match Journal no,"{""dataType"":""BOOLEAN""}",'JOURNAL NO.' = Test Debug.Journal no AND Test Debug.Journal no <> 0,"{""summaryMethod"":""NONE"",""timeSummaryMethod"":""NONE"",""timeSummarySameAsMainSummary"":true,""ratioNumeratorIdentifier"":"""",""ratioDenominatorIdentifier"":""""}",-,Not Applicable,Not Applicable,Not Applicable,,65116,,-,-,,,false,All Versions,,true,false,false,false,-,,Journal imp
